"Tweet","Lbl"
"I have to say, Apple has by far the best customer care service I have ever received! @Apple @AppStore","POS"
"iOS 7 is so fricking smooth & beautiful!! #ThanxApple @Apple","POS"
"LOVE U @APPLE","POS"
"Thank you @apple, loving my new iPhone 5S!!!!!  #apple #iphone5S pic.twitter.com/XmHJCU4pcb","POS"
".@apple has the best customer service. In and out with a new phone in under 10min!","POS"
"@apple ear pods are AMAZING! Best sound from in-ear headphones I've ever had!","POS"
"Omg the iPhone 5S is so cool it can read your finger print to unlock your iPhone 5S and to make purchases without a passcode #Apple @Apple","POS"
"the iPhone 5c is so beautiful <3 @Apple","POS"
"#AttributeOwnership is exactly why @apple will always be #one! #apple #marketing #marketer #business #innovation #fb","POS"
"Just checked out the specs on the new iOS 7...wow is all I have to say! I can't wait to get the new update ?? Bravo @Apple","POS"
"I love the new iOS so much!!!!! Thnx @apple @phillydvibing","POS"
"Can't wait to get my #Iphone5S!!! @apple","POS"
"@V2vista Fingerprint scanner: The killer feature of iPhone 5S. This is so bloody brilliant. @apple @timesnow http://toi.in/W0o-3Z","POS"
"Interesting  how so  many people seem to be almost willing the demise of @Apple. What's going on? Still by far my favorite #brand. Fantastic","POS"
"I LOVE @BNBuzz @NOOKstudy @nookBN and @apple made my life so much easier this morning !","POS"
"Just watched the keynote of @apple latest iPhones. I just love the #iPhone5S and #iphone5c ??? I guess, i have a christmas gift already????","POS"
"My iPhone wasn't calling correctly so I went to an @apple store (first time) told them and they gave me a brand new phone. #wow","POS"
"Great job @apple on providing best users experience #thinkauto","POS"
"Swapped my #galaxys2 for an #iPhone4S. After one day I'd say I'm an @apple convert!","POS"
"Can't wait for my #orange phone upgrade in November :-) #apple iPhone 5s here I come ;-) @OrangeHelpers @apple","POS"
"#colored #iphone! The new 5C iphone comes in colors. I love this!! Can't wait till i can get one! #apple @apple #iphone5c","POS"
"Whether you're an @apple fan or not, this iPhone 5C video is worth watching, for lots of reasons http://bit.ly/18YbjLQ  #lovegreatdesign","POS"
"@apple Impressive features on the Iphone 5s - fingerprint recognition, now thats impressive!!! :)","POS"
"@KuqoGroup @jimmykimmel @BlackBerry @Apple that is unbelievably awesome!!!!! #clickitandlickit","POS"
"EarPods are amazing, thanks @Apple","POS"
"In luv with the iPhone 5s luv the champagne colour and the fingerprint reader @apple","POS"
"Used @Apple TV and @explainevrythng to demonstrate student understanding of factors!  Awesome!","POS"
"@brody_knibbs haha mint arent they! top company @apple","POS"
"I'm back yaw, Thanks to @Apple !!!!!","POS"
"Found a new way to work today courtesy of my iPhone. Way to go, @Apple maps! Is that the first time anyone's said that?","POS"
"Dear @Apple, love the new default alarm ringtone. #goodmorning","POS"
"@apple I never noticed how good the iPhone 5 camera was #pug pic.twitter.com/0Z6ZD8FyMK","POS"
"Just found out that @apple added the #watchESPN app to AppleTV. I may never leave the house again! #SEC","POS"
"@Apple products are the best. pic.twitter.com/X5Zy21XFI3","POS"
"@apple drawing on a mac is soooo cool! pic.twitter.com/w9ckPCEy0r","POS"
"I was thinking about getting an android phone. But once I saw the #iphone5s apple had pulled me back in! @iphone5s @apple","POS"
"@jasonreiner after extensive research this new & innovative product was created by @apple #trendsetters","POS"
"I just dropped my phone down two flights of wooden stairs, no damage. Thanks @apple !","POS"
"thanks for your help @apple","POS"
"@TraceyLiddle @Apple So ... I went to the Apple store...an hour away, and they were brilliant! Thanks! New, functioning, Ipad!  D!","POS"
"I love how @apple makes it easy to transfer between Macs while I continue to work! pic.twitter.com/lga2KaXa4b","POS"
"The only time @nokia_uk & @apple should be mentioned in the same sentence on my TL is when Nokia is thanking apple>>","POS"
"Hopefully I will get the new @Apple iPhone 5C for Christmas #iPhone5C","POS"
"@mfayax @Apple Thank you for the Apple.","POS"
"The most stunning pictures/videos from the world of @apple on our #instagram profile http://instagram.com/appsolution  pic.twitter.com/QqDZQe8s4F","POS"
"Suddenly my faith in @apple has been restored. Can't wait for the iPhone 5c now! http://ow.ly/22FbS4","POS"
"Totally missed that @Apple are giving away iPhoto, iMovie +iWork free of charge to all new iPad owners. Awesome move!","POS"
"The new @apple 's #iPhone5S seems pretty cool #FingerprintsRecognitom  !!!! #iPhone #Apple","POS"
"Wow @Apple huge thanks for the 24 hour review cycle! #Concepts 2.0 live with Stacks, Snap-To, improved Shapes, +more! pic.twitter.com/4vkIVK0S0Y","POS"
"wow, just by the amount of MacBooks in this starbucks i would say @apple is doing very well","POS"
"@iBrooklynB @Apple 5s gold!!","POS"
"@Windows @apple ipad ftw","POS"
"When you open Passbook, the screen gets brighter - automatically. It makes scanning the code flawless. That's why I'll stick to @Apple.","POS"
"@Apple #iOS7..Everybody get ready to experience a operating system that kills any jail break. Absolutely Incredible! @appletweets @applenws","POS"
"@apple has done it again...the #5s is gonna be freaking sick","POS"
"@Lafond66 @mallow610 @Apple recent apple convert who may my continue to be so by my next upgrade...brand is nothing. Usability is key","POS"
"reason #2001 why when @apple comes out with the new macbook pro I'm getting a that instead of pc.. #hatewindows #upgrade #stupidmicrosoft","POS"
"iOS 7 finally introduces ringtones and alarms that don't suck. Was that so hard, @apple? Thank you :)","POS"
".@apple is straight legit! Sent my phone in Wednesday to get repaired. Got a new replacement phone back Friday Morning. I'm back!","POS"
"My phone is now complete with #iRadio @apple Thank You pic.twitter.com/gQg5XusYF7","POS"
"All hyperbole aside, this article as well as @apple are simply amazing aren't they? via @FastCoDesign http://ow.ly/ovSzN","POS"
"Okay phone companies. Stop palling around. @apple can at least let me creep. Why can't anyone else? Get it together!","POS"
"RT @Jill_Martin77: ""Music to my ears @Apple #iPhone 5c is 'beautifully, unapologetically plastic'"" See more here: http://bit.ly/17pDIv1","POS"
"@iBrooklynB @Apple I loved iphonec better. Cuz name is awesome haha x","POS"
"I #Fell Like #Working For @Apple When I'm Older, I Love Technology A lot, So I Wanna Make My Own Products or Help Design Them or Make Them.","POS"
"Drumroll please! Joining @Apple & @Samsung w big #news & new content this wk is: US! The LRWBlog Redesign!http://ow.ly/oNaZD  #happydance","POS"
"Would love to #blog about the the new #iPhone5s if @Apple wants to send me one!!","POS"
"After 7 years I finally had to get a new MacBook Pro battery!  Go @apple! pic.twitter.com/XwqJEdhsvT","POS"
"Which iPhone would you guys choose? iPhone 5s in white/silver or iPhone 5c in Green? :) @apple","POS"
"Does @Apple have a registry for gifts? Because I'm thinking about fake getting #married or #birthday registering for some things.","POS"
"Thanks @apple for the #itunesFestival  http://twitpic.com/dd6xjw","POS"
"our good help ! thanks @apple pic.twitter.com/lbU9dIufRF","POS"
"I know this is going sound simple but with #ios7 without entering the password you have a flashlight #genius #simple @apple #wow","POS"
"@Apple leaps ahead again with Mobile Identity Management! Are you still stuck on MDM? anyone? MIM is the future!","POS"
"@Microsoft and @Windows I am so done with you. Every laptop!!! #6monthlifespan ... @Apple come at me!","POS"
"@Apple: You will be in my hands in just 8 days.  #iPhone5S #iPhone #IOS #Apple   #September20th pic.twitter.com/xWR5hVnjYC","POS"
"@tvmattscott I am a big believer in the @apple store","POS"
"I'm so glad that @apple is skipping the megapixel war for better light sensitivity. Now it'll outdo some entry level SLRs!","POS"
"@FireandIce5935 @johan_barnard @Android @Apple ha! You can't tempt me tho! The apple force is too strong ;)","POS"
"RT @Apple says the CoreMotion system on the iPhone 5S will empower a new generation of health and fitness apps","POS"
"1 actually good thing from the @Apple announcement is the free apps on new iPhones (Pages, Numbers, Keynote, iPhoto, iMovie) via...","POS"
"Good news: @apple replaced my phone! Bad news: I lost my @bubblemania spot...went from 180 down to 1 :( @lxforever @laurenjessa","POS"
"1 actually good thing from the @Apple announcement is the free apps on new iPhones (Pages, Numbers, Keynote, iPhoto, iMovie)","POS"
".@Sephora = @Apple of #beauty industry.Incredible brand, online &in-store experience+addit'n of FREE classes! #retail pic.twitter.com/JaGQQKJmr3","POS"
"Stick to @Apple..reason, None of the smart phone manufacturers are rolling out their new software upgrade to older generations.","POS"
"U say dat iphone 5s dint bring anythng new??? We'll see wen it wil sell like hot cakes #iphone @apple","POS"
"Inviting all Musicians to check out this Innovative Music App @ScaleBoxApp @Apple @iTunesMusic #Apple #iPhone #iTunes http://forbit.ly/scaleboxapp","POS"
"Loving the vintage @apple pen in home office today as I wait for #iPhone5S! pic.twitter.com/u1ifCDdHEI","POS"
"Didn't buy something this time @applestoreamsterdam, yet got great service and a new #appletv on the spot tks @Apple love #geniusbar","POS"
"I can see a new and improved bPhone from @Beyonce and @Apple","POS"
"Just Got A Brand New iPhone 5 @apple :D pic.twitter.com/SJ86URqVm8","POS"
"Whelp...I'm due for a phone upgrade...the @apple 5S is my choice...not sure about color though...gold? ehhh....","POS"
"Excited about @Apple introducing #TouchID and biometric security. Hoping an API will soon be released for devs to take advantage.","POS"
"@apple repaired my dead SSD and upgraded me to Mountain Lion. Thank you. That saved us some time today.","POS"
"FOLLOW @APPLE NOW","POS"
"Currently waiting for @Apple to review the app so hopefully it will be out ASAP. Thanks for the support. #excited #courtsideassistappforiOS","POS"
"@simonmoeller That is kick-butt! Next level: Subway Surfers coming pre-installed on your iPhone (@Apple not a bad idea actually)","POS"
"#Iphone 5s #builds on that #achievement with #Touch ID, a #?ngerprint identity #sensor! http://ow.ly/oO0u0   @Apple","POS"
"@filsfan @Apple @TheMIXXRadio @The_Hott_Spot @TheMixxHangout Rockstar! Love you!","POS"
"@astrologyzone My commitment got pushed back a week so I'll get to see you next week @apple looking forward to it!","POS"
"Love the @apple and @burberry marketing partnership; Burberry shoots runway show teaser w/ iPhone 5S >> http://on.mash.to/1bbFSCA  via @mashable","POS"
"So glad @apple now offers the iPhone in multiple colors because god forbid they actually spend resources improving the network capability.","POS"
"@lxforever @laurenjessa the sleep button slowly died. Lovely @apple service, happy customer...not sure on @bubblemania data ret. policy tho","POS"
"RT @TheDiMassa A3) yes. @Samsung and @Apple are volleying w quicker & quicker devices. Helping to raise all of mobile's speed/UX #mobilebiz","POS"
"@Apple iPhone in Gold :o","POS"
"Excellent Musician App @ScaleBoxApp @Apple @iTunesMusic #Apple #iPhone #Piano #ABRSM #Music #OnlyClassical #Violin  http://forbit.ly/scaleboxapp","POS"
"Guess who has Champagne color as well #iphone5s #iphone5c #tools #homeimprovement #homeowners #home @Apple undefined","POS"
"Don't think #apple is innovating? Think @apple is behind? You couldn't be more wrong pic.twitter.com/s3RzJZyssJ","POS"
"Update: New article - I talk about @Apple becoming a dominating force with the new A7 chip and iOS 7 ~ http://smgtechmedia.com/Pages/apple.htm","POS"
"@Stratix is very excited to be hosting @Apple's Oct App Development briefing. Learn more navneet.saini@stratixcorp.com","POS"
"I want to have this right now! Best mobile concept idea ever.. Check it out! #phoneblocks.com #mobilerevolution #loveit @apple @samsung","POS"
"@apple may have just recaptured this fanboy's heart. Ha. With a little flash! #greeniphone #yesplease","POS"
"Love working @apple watching people with the tech problems. #entertainment","POS"
"#Tech goes glam as @Apple and @Samsung partner with high fashion to promote their devices. http://bit.ly/160eL6m  #smartwatch #luxury","POS"
"dear @apple the very excellent #2000ad have submitted an update. please approve so I can read me some #slaine and #dredd","POS"
"darn you @apple for introducing a new #iphone anodized finish color. that i didn't know about 2 secs ago & now #want.","POS"
"@airwaysmagazine @Apple @BoeingAirplanes Fascinating!","POS"
"@apple please released ios7 tonight i am in desperate need","POS"
"The gents at the @Apple Store are basically the hottest nerds going.","POS"
"@iBrooklynB @Apple I would get 5c green I think it would be better xx","POS"
"@microsoft is just Jealous because @apple is basically putting them out of business. I give Microsoft 5 years at most!","POS"
"Is @Apple store to preorder the new iphone. Then when it comes in I sell for 3x more. Thanks #Apple","POS"
"GIVE ME THIS .@apple pic.twitter.com/HlVXNtISUG","POS"
"Last week with Samsung next weekend it's all about the iPhone #iphone5 @apple","POS"
"touch screen macbook waiting on it. @apple make it happen","POS"
"Look at the new features of the  #iphone #iOs 7  #iphone5 @mashable[VIDEO] http://buff.ly/17sWtOc  @apple","POS"
"I want a black + gold iPhone. @apple make it happen","POS"
"#Android v. #iPhone: @Google has the #mobile lead, @Apple still reigns in #commerce. http://ow.ly/oQCGb  #tech #business","POS"
"nowadays it is embarassing having a blackberry! stick with @apple iPhones","POS"
"People think @apple aren't innovating...Hello have you read about the new #M7 chipset or looked over how the #fingerprint was engineered??","POS"
"Love this Muhammad Ali ad from @apple #thegreatest #thinkdifferent pic.twitter.com/uhYPsr33VW","POS"
"My dreams have been infiltrated by the iPhone 5s gold... @apple what have you done to me?","POS"
"@apple launched the TouchID at the right time.","POS"
"FOLLOW @APPLE NOW","POS"
"Hey @Apple. Please make the iPhones,etc sound like JARVIS someday--via updates. That would be freaking awesome!!","POS"
"Waiting for @apple to release the new iPad so homegirl can get one... #cmon #ihavethefirstone #giddyup","POS"
"THIS IS WHAT I WANT @APPLE @GOD @JESUS pic.twitter.com/SJVVjKA3Sd","POS"
"Dear @dstv and @apple. Well done! I was a bit sad that I missed the 1st ep of Suits but... ? pic.twitter.com/xshI3GQlku","POS"
"@Apple launches in-store #iPhone recycling program http://ow.ly/oR69m  via @eldaily","POS"
"@BlakeGrahamPGA @BestBuy I'm starting to do that, I've always gone to the @apple store for any of there toys!","POS"
"Very True. @Apple iPhone: Designed in #California But Manufactured Fast All Around the World (Infographic) | http://ow.ly/oONxW","POS"
"I liked the original 3g IPhone @apple","POS"
"Check out some new things to look forward to with @Apple announcing #iPhone 5C and 5S and confirming #iOS7 http://ow.ly/oR9J3","POS"
"How @Apple Is Improving Mobile App Security http://fw.to/Qo0DqXT  #Mobile #App","POS"
"@mrjamesnoble One can only try to read the signs and connect the dots. @Apple is however the one company I believe can do such a thing ??","POS"
"Everyone come out & support us @7pm @Apple ?????","POS"
"@mac @apple creative! #5C @iMore pic.twitter.com/QBI2za6XUv","POS"
"I missed big picture of yesterday @Apple announcement - is the #iPad. With free #iWork and 64bit Apple just cemented no1 position on tablets","POS"
"This phone could be the next huge thing...Look out @Apple http://ow.ly/oOcPF   #phoneblocks","POS"
"The worldwide #mobile phone market is forecast to grow 7.3% year over year in 2013 with @Apple iOS the number two operating system, via @IDC","POS"
"#geekchic RT @peterloudis: Genius Idea.  Who is going to get on this? @microsoft @motorola @apple @google http://bit.ly/16lfd2s  #smartphone","POS"
"@pr1nc355haybug no way. It's perfect in every way. @apple steps up their game every single update.","POS"
"Off to @apple.  It's #teamiphone time once again!!!!","POS"
"Will @Apple Cheaper #iPhone succeed? http://ht.ly/oOf4V","POS"
"Can I have one of those colourful cases for my iPhone 5 @apple","POS"
"Well, @Nokia's surprise tomorrow couldn't possibly be a gold case because, surely, @Apple holds a patent on that colour now. #WinPhan","POS"
"@Jon4Lakers @TechnoBuffalo this is so annoying @apple do something cool and are the first ones to do it then of coarse Samsung has to copy:p","POS"
"One more LED is simply more light - one more LED with a different color that solves an old problem is an #innovation @Apple","POS"
"@ETCanada @justinbieber also nice ad/promo for #iphone @apple   http://instagram.com/p/eOODXzgvpq/","POS"
"Impressive talk w/ Steve at @Clusocluso's office about @Apple's latest announcements http://instagram.com/p/eKA4GsJKil/","POS"
"Match made in heaven @Burberry  and @apple #Digitallyperfect #fashion meets #Tech For Their Next Trick.... pic.twitter.com/G16DMiMDT9","POS"
"Why @Apple is setting the right price with the #iPhone5C, to eliminate grey market inefficiencies. $AAPL - http://wp.me/pEkSv-7F","POS"
"I want iOS 7 already! @apple ??","POS"
"@Apple will twerk for a macbook","POS"
"@Apple 's Key To #Innovation: Iterations, Not Just Breakthroughs http://buff.ly/1dZBmbp","POS"
"@JMLColley @Apple thanks for taking it in the right spirit !!!! ??","POS"
"I wish! RT @TheEspinAlien GIVE ME THIS .@apple pic.twitter.com/yArBR8M7fB","POS"
"@apple @twitter @ibm Happy Programmers' Day folks!","POS"
"@iBrooklynB @Apple iPhone 5s in gold. You still playing for qpr","POS"
"Bueno Asi Como Cuando Apple Saca Iphones Mas Baratos .... Bueno Asi !! @apple #Iphone5c pic.twitter.com/LoT9CY2ULV","POS"
"FOLLOW @APPLE NOW","POS"
"@highlyHIGHtori @Apple summin like that... I just be chillin tho","POS"
"@apple #AppleFreak","POS"
"FOLLOW @APPLE NOW","POS"
"@apple i demand you give me an iphone","POS"
"@Naturally_M33H @Apple----wow all this morning","POS"
"@Apple has announced the iPhone 5S, iPhone 5C, iOS 7 release date! Thoughts? #iPhone","POS"
"@apple my dad won't buy me the iPhone 5s help","POS"
"@7evenStarz @Apple Dude the 64 bit processor will be faster on the native OS even without the ram. This is a stepping stone to 64 bit mobile","POS"
"Pretty sure if I could have any voice in the world it would be @apple's own #JonyIve","POS"
"#iPhone5c #boutthatlife @Apple","POS"
"@iahhc @mcmillen1 @OITHelpDesk @cmb1974 What is your favorite new @Apple #iPhone5C color? Mine is #Pink #ApplePicking @Sprint","POS"
"A3) yes. @Samsung and @Apple are volleying with quicker and quicker devices. Helping to raise all of mobile's speed/UX #mobilebiz","POS"
"Ringrazio Gabriele e l'assistenza @apple GRANDI!","POS"
"@MissPhilly2013 @Apple should have waited for 5S. They come in cute colors now!","POS"
"#iOS7 is actually more exciting than the actual new hardware from @Apple so either way we are all getting new iPhones.","POS"
"@7evenStarz @Apple it is paving the way to 64 bit mobile future. The S model is the perfect time to make this transition.","POS"
"Crazy about @Apple iPhone 5s in #India. Use #eBayCheck @eBayIndia. R.I.P India Rupee, welcome #eBayCheck.","POS"
"Top #business #apps for @Apple's iPhone, iPad. What are your favs? #mobile - http://ow.ly/oFQgC","POS"
"What @Om Malik likes and doesn't like about the new @Apple iPhones http://buff.ly/1eGmopu","POS"
"#iBeacons may be #iOS 7's most interesting hidden feature @apple #iPhone http://fb.me/1kLk3lVN6","POS"
"congrats on the shiny new technologically advanced iPhones @apple BUT WHEN WILL YOU LET ME OPT OUT OF GROUP TEXTS YOU'RE KILLIN ME","POS"
"@keeeruh luckily the gems @apple are fixing it for freeee! ??","POS"
"@stephenclark @Apple Wasn't that absolutely darling!","POS"
"@iBrooklynB @Apple Green:)","POS"
"WOW that's so raven @apple http://t.imehop.com/14Pf3gc","POS"
"#IPODPLAYERPROMO #IPOD #IPAD #ITUNES #APPLE #PROMO#IPODPLAYERPROMO @apple @itune","POS"
"@EllieDash haha #parentoftheyear @apple","POS"
"Why does @windowsphone and @Android constantly try to compete with @apple it's levels to this, and y'all just not there.","POS"
"I have the same @Apple iPhone consumer feeling launch as the market - great phone, too expensive!","POS"
"@momentsfade @Apple LMAO!  That is too darn funny!","POS"
"@DarrenSproat @nokia @Apple don't forget it's #innovation","POS"
"Dear @Apple: Vladimir Putin says he likes the new iPhone 5c but wishes it came in red+black #VladSays","POS"
"I want iOS7 now please @apple","POS"
"@apple get on it","POS"
".@c7five asked Siri an important question. http://j.mp/19L1cLj  At least @Apple was honest.","POS"
"Topics: Highlights for @Apple's iPhone 5s, Putin's U.S. PR firm, @twitter's IPO and @Socialwally brings social media posts to HD screens.","POS"
"@IseeBlighty enjoy! ...  ""@johan_barnard: Hahaha some people just have too much time! @android vs @apple ... Again! pic.twitter.com/ym1A0Z6RzJ""","POS"
"??????? @apple come back for new twit's","POS"
"Loved the metallic look. Not a big fan of #FingerPrintScanning. already have a pastic backed touchscreen smartphone. @Apple are u listening?","POS"
"@jonjonnyp @Apple Danny: yes. But anyone with a brian will. My Gazelle offer for 350 for my 5 is still good until the 22nd...","POS"
"Don't worry about your stock price @Apple, @Microsoft stock price shot up 7% just by firing 1 employee.","POS"
"now available in the Google Play app store, the @CreativeFutur app. coming to @Apple soon #UWScreative pic.twitter.com/bGFBBQiu0V","POS"
"A #IPODPLAYERPROMO #IPOD #IPAD #ITUNES #APPLE #PROMO#IPODPLAYERPROMO @apple @itune","POS"
"Apple authorized repair guy just told me to take my iPad someplace else since Apple ""Doesn't repair iPads."" Is that true @Apple?","POS"
"@AccordingToNina @Apple @akemisue @ShastaAnne no case needed... I hope ;)","POS"
"Can @apple please come out with a black and gold iPhone!","POS"
"@natz0711 @mishi_za @SamsungSA @Apple the infrastructure is regulated and improved by government ,not them","POS"
"Dammit @Apple, take my money for a new  5S already #brokenhomebutton","POS"
"@Apple I want the new iPhone update already!!!! UGH #Dying #Need #hurryup!!!!!","POS"
"@JohnathonV @Apple NEVER stop learning!!","POS"
"Rivals turn to @Twitter as @Apple announces new #iPhones, http://ow.ly/oMrmN","POS"
"@iBrooklynB @Apple Iphone 5s white/silver","POS"
".@Apple made the first mass-market color digital camera. #TakenToOz Fun article from @Mashable http://on.mash.to/1bQ5Lp3","POS"
"@jenniebond1 @Apple excellent glad to hear you have fully functioning gadgets.","POS"
"How can you people believe in a P/E ratio of greater than 22 for @twitter when @apple is around 10 #valuation #startups #IPO","POS"
"Dear @apple please give me an iPhone 7 so that I can laugh at all the peasants with their 5's.","POS"
"It's dumb to diss @apple #touchid until developers have a chance to develop on it. Same as when the orig iPhone came out b4 the AppStore","POS"
"#IPODPLAYERPROMO #IPOD #IPAD #ITUNES #APPLE #PROMO#IPODPLAYERPROMO @apple @itune #IPOD GENERATION","POS"
"#eltonjohn #itunesfestival @apple unreal to watch live via appletv straight to HD TV.","POS"
"Guess who has Champagne color as well #iphone5s #iphone5c #tools #homeimprovement #homeowners #home @Apple http://ow.ly/i/38y2B","POS"
"C #IPODPLAYERPROMO #IPOD #IPAD #ITUNES #APPLE #PROMO#IPODPLAYERPROMO @apple @itune","POS"
"Darnit lol ""@Don_1ZA: @mishi_za @natz0711 @SamsungSA perfect time to move to @Apple they don't seem to care about you""","POS"
"Progressive @Apple Fans, Prepare to Support the Koch Brothers! http://ow.ly/oPEAX  #p2 #1u #uniteblue #ctl #libcrib #ows","POS"
"@Apple - iOS device is in motion, then iMessage sender text bubbles are red. #simple","POS"
"Apple announces iPhone 5S, iPhone 5C, iOS 7 release date! Thoughts? undefined   @apple @ShopBreaMall","POS"
"@7evenStarz @Apple so Mikey tell us how you really feel ;-)","POS"
"Next @apple idea. NFC on iPods. ""Man you gotta hear this song. ""Taps ipods ""woe this song is great"" #boomheadshot","POS"
"@applenews @apple What if you guys Create an #iShoes5S that would be something #iphone #mac #apple #applenews #appleevent","POS"
"Thanks 4 this @sharpmagazine: Fingerprint recognition? iOS7? Everything You Need to Know About @Apple's New #iPhone: http://bit.ly/14MbzLm","POS"
"I'm interested to have a look at all new #Lumia by @Apple  cc: @nokia @potasiyam @thehoneymad @isfarahmad","POS"
"dear @apple, please bring back the option of matte instead of glossy for MacBookPro screens. and bring back the 17"" while you're at it.","POS"
"@TehGreenMC @Ghostt_Gaming @Microsoft @google @Apple @anyone well apparently anyone lives in London","POS"
"@Apple #iPhone5S VS. Apple #iPhone5 Epic Battle! - @GeekHelpingHand http://buff.ly/187kJCd","POS"
"@apple Some police dept in Florida could use some #AppleCare assistance. #ZIMMERMAN","POS"
"@apple what's going on with you're store.. Gonna announce a new MacBook Pro?? Please #excited #wantapple #impatient","POS"
"@apple - please send @BoydScot and iPhone rush delivery so I can snap chat him. Kthanks ??????","POS"
"Aiming at high end with #iPhones is classic @Apple http://disq.us/8f4kw3","POS"
"@wayneshurts @Apple @appletweets Wayne that's awesome ????","POS"
"Why hasn't @Apple come out with a pie or a crisp yet? #piephone","POS"
"if you ask me, @apple should be the phone company, and connect you with whoever is providing the best coverage for wherever you are. DONE.","POS"
"@thepartycow @Motorola @twitter @Apple @adambain I believe #winthemoment is the correct term? ;)","POS"
"LOL. RT @GCYC: @brenberryblast If my phone can half echrofon half whatsapp I sure reply. This is good feedback @apple should look into this.","POS"
"So many tech companies (@Apple, @Cisco, @SalesForce, and @Oracle) match employee donations - http://ow.ly/oBK5i","POS"
"{#IPODPLAYERPROMO #IPOD #IPAD #ITUNES #APPLE #PROMO #IPODPLAYERPROMO #IPOD #IPAD #ITUNES #APPLE #PROMO#IPODPLAYERPROMO  @apple @itune}","POS"
"A #IPODPLAYERPROMO #IPOD #IPAD #ITUNES #APPLE #PROMO#IPODPLAYERPROMO @apple @itune","POS"
"The only thing I'm asking from @Apple is a waterproof iPhone.","POS"
"Dear @Apple, in your next iOS update, please make the male Siri voice sound like JARVIS from #IronMan.    Sincerely,   Everyone.","POS"
"Hey @apple @TimCookAppleCEO, I don't mean no harm, but next update, can I get some brown ppl face emoticons pls? ?????????????????????? Thx","POS"
"""The axis today is not conservative vs liberal. It is constructive vs destructive.""  #quote #qotd #wordsofwisdom #wow #SteveJobs @apple","POS"
"Shiny new @Apple phone! If you're into that -> RT @sprint: iPhone 5s is coming to Sprint on September 20th. http://bit.ly/1aHyzmO","POS"
"I'd be surprised if @Apple doesn't release a future version of the the iPad Mini in the pastel colours of the iPhone 5C. cc: @pschiller","POS"
"@windowsphone thirty-two bit has NO ""S"" but the @apple Sixty-four bit DOES. And so does SLAMMED","POS"
"Hey @apple I got an idea for the new iPhones, why not a refillable lighter fluid compartment, why let bic and zippos have all the fun?","POS"
"Live from Apple's Town Hall. Apple 2.0 - Covering the business that Steve Jobs built  http://pb2.co/8ppx5  @cnnmoney @apple #iphone #iso7","POS"
"@tomlinshortcake @Apple my phone does that too!","POS"
"Wij wensen onze @SoMeMonteur veel plezier en nieuwsgierigheid in #NYC !! Bezoekje @apple store - will be fun!!","POS"
"@laurenjessa @Apple @bubblemania @lxforever working on it, already #level6","POS"
"Just left the @apple store put @TheMIXXRadio on every App Store and safari page I could. @GiniaNightly @The_Hott_Spot @TheMixxHangout","POS"
"""@highsnobiety: Have you pre-ordered your @Apple #iphone5c today... http://bit.ly/1eARpLz  pic.twitter.com/PoEGS09TRb""@AlifBladz","POS"
"Bueno Asi Como Cuando Apple Saca Iphones Mas Baratos .... Bueno Asi !! @apple #Iphone5c pic.twitter.com/xS8q9YkLAZ","POS"
"I'm at @Apple Store, Partridge Creek (Clinton Township, MI) http://4sq.com/17yLume","POS"
"5C ne kanka ya hangisini alcagimizi sasirdik @apple","POS"
"Team ios what's up I'm back @OyinCanSoda @DarthDream @apple","POS"
"@iBrooklynB @Apple you will be be happier with a white/silver one. its easier to match yer clothes ;D green might be out of fashion soon..","POS"
"Thanks @apple 5% warning now in iOS 7 lol. pic.twitter.com/DPC2fg8JDV","POS"
"@apple A game called @fluzzity is making a feature called iFluzz.The feature will have a complete copy of the iPhone. pic.twitter.com/00dDsO3i0O","POS"
"""@Fact: Like fingerprints, everyone's tongue print is different.""    Ayo @Apple","POS"
"OS X Mavericks, AirPlay from iOS devices to Macs. # MakeItHappen @Apple","POS"
"Sysco @Apple HQ. Great visit abt leading edge Apps on best devices to help our Sysco OpCos & Customers @appletweets pic.twitter.com/OvTW9D1vaJ","POS"
"Wassup with the wassup @Apple","POS"
"@apple hurry up and release iOS 7 I got numbers I need to block...like now","POS"
"@realexpayments @TalkingPayments Hey, .@apple did it with the iPhone ;) #plastic","POS"
"@LifeInLoFiBlog @CeciliaLuis @Hipstamatic & @Oggl iOS7 Updates are being sent to @Apple this week, hopefully will be ready for launch","POS"
"@The_1nd_Only365 @Apple it's coming on the 18th, they announced that yesterday lol","POS"
"@Nava_520 @Apple you can lol","POS"
"Genius Idea.  Who is going to get on this? @nokia @microsoft @motorola @apple @google http://bit.ly/16lfd2s  #smartphone","POS"
"many folks wish @Apple also had an engineering office here. @WSJ Seattle Is a Great Place to Start a Business http://on.wsj.com/186Mzi1  #ohwell","POS"
"@filsfan @Apple @GiniaNightly @The_Hott_Spot @TheMixxHangout awesome! Thanks man","POS"
"The @uksga #CatsCab app is now available on @apple.  Download & use it now @universityofky students!!","POS"
"I think you right ""@Don_1ZA: @mishi_za @natz0711 @SamsungSA perfect time to move to @Apple they don't seem to care about you""","POS"
"A big departure for @Apple: a low-cost, simpler iPhone version to compete with @Android & expand market. http://ow.ly/oMtd3  #biz #tech","POS"
"@frMoisesfr @Apple los nuevos iphone van a ser muy baratos no ya te lo dije Apple no es lo que era","POS"
"Some smart person grabbed @apple, must be asking for millions.","POS"
"@frickfuentes that would be perfect omg ?? get on it @apple @jesus @god @DerekSanders","POS"
"@LanceUlanoff Got a great facial expression of you wile watching the @apple special even release video at 65min 8 sec","POS"
"Is io7 from @apple provided as a free piece of upgrade software from Apple, they say it's better than an upgrade?","POS"
"Are you a 5s or 5c kind of person? For me it's def gonna be a 5s! #Sept20 @Apple #TeamiPhone","POS"
"{#IPODPLAYERPROMO #IPOD #IPAD #ITUNES #APPLE #PROMO #IPODPLAYERPROMO #IPOD #IPAD #ITUNES #APPLE #PROMO#IPODPLAYERPROMO  @apple @itune}","POS"
"This better be worth it @apple","POS"
"C #IPODPLAYERPROMO #IPOD #IPAD #ITUNES #APPLE #PROMO#IPODPLAYERPROMO @apple @itune","POS"
"{#IPODPLAYERPROMO #IPOD #IPAD #ITUNES #APPLE #PROMO #IPODPLAYERPROMO #IPOD #IPAD #ITUNES #APPLE #PROMO#IPODPLAYERPROMO  @apple @itune}","POS"
"Could the @Apple #iPhone5s and #iPhone5c revolutionize the way we use technology? http://bit.ly/17WFUJr  via @fishbat","POS"
"It's important that Apple not become the developer for the world. We need people to invent their own stuff."" - Tim Cook CEO of @Apple","NEG"
"@APPLE @GOOGLE #CHROME - #TEST #TEST #TEST - #iPad (Retina) #Chrome REALLY #UGLY PAGE RENDERING LUGGIES pic.twitter.com/LH1K8R7tzU","NEG"
"@fulltimebro @Apple #Hip 1/10","NEG"
"@Microsoft getting #desperate willing to pay you $200  to trade your @apple ipads for tablets. #really? @venturebeat http://bit.ly/18XPNXl","NEG"
"@Google 's laughing at @Apple and I am laughing at what was left of my love for @Chrome #stinks","NEG"
"@Twohat007 @Apple  ppl will buy it BC lodes of ppl like it (I don't) but most of the ppl in the wold do so it will sell but don't know y","NEG"
"@battalalgoos @apple","NEG"
"A harder look at @Apple's #iPhone 5S security scanner, which allows the user's fingerprint to become the password http://ow.ly/oN4UB","NEG"
"We need emergency battery @Apple","NEG"
"I need to somehow keep headphones attached to my phone at all times. @apple","NEG"
"So the @apple genius dude left me because my laptop was loading too slow.","NEG"
".@Apple VP Marketing: Be quiet, photogs, and let #iPhone do #photography for you. http://ht.ly/oPtNw  Condescension, anyone?","NEG"
"Dear @Apple    im sure im not the only one that types ""nerd"" so lets stop putting a red line under it.    Thanks,  Diego??","NEG"
"@Apple???????? ????????????????????????????????!","NEG"
"@DroClicquot @Apple neither am I!! #soannoying","NEG"
".@APPLE Pls get #Safari reading list in cloud!","NEG"
"iPhone 5C battery life is being promoted as 10 days stand by time. Lol, I'm sure I wont need to charge my phone for 10 days @Apple","NEG"
"Why is #deathmatch not included in the auto-text on the #iphone? Huh @Apple? No gamers on your auto-text dev team?","NEG"
"Fantastic new phone concept from @davehakkens; this is the kind of thing @apple should have come up with http://thndr.it/14IFdTv","NEG"
"Argh! No puedo entrar a mi iMac @AppStore @Apple","NEG"
"@Apple i need a cholula emoji stat.","NEG"
"@florinNitulescu @nokia is really taking off @apple  #HelpTheFellow ;)","NEG"
"@nitoTV I wish @Apple could change or allow us to change background color from black to others, on AppleTV 2 and 3","NEG"
"So I tried to preorder iphone5s last night but couldn't, I'm guessing they're sold out already?! @VerizonWireless @apple","NEG"
"Anybody know what's going on with my iPhone 5?! @apple #iphone5 pic.twitter.com/qgM8gDrwfE","NEG"
"No me gusta la letra C, lo siento tontos @Apple","NEG"
"@Apple If you release a thumbprint protected password autofill feature, thumb theft will become the evening news.","NEG"
"The new #iPhone is out! Lets go buy a #Samsung #Galaxy!   @BridgetCarey @CNET @Apple @BrianTong","NEG"
"@DarrenSproat @nokia @Apple Yeah. But by now Samsung has ""pyrited"" it.","NEG"
"make your iphones waterproof @apple","NEG"
"I love my Apple TV but I think @netflix and @apple need to fix Apple TV and get autoplay... This process is so annoying","NEG"
"Lol RT @thepartycow: Well, well. @motorola using @twitter to fire back @apple. In other news go @adambain!!! pic.twitter.com/nnk3VWQaLU","NEG"
"@Apple ??","NEG"
"@ybarra214amy WELL IT'S NOT MY FAULT @apple DOESNT HAVE A PAL EMOJI!!!","NEG"
"How do you get a icon that you accidentally deleted off your phone? #calendar #teamiphone @apple @iphone #apple #iphone","NEG"
"Time to short @Apple? pic.twitter.com/DXuTJk5Evo","NEG"
"@SagarKamesh @Apple I wasn't hurt at all.","NEG"
"5s manita? RT @MizBuchitos Mi banca rota es culpa de @Apple :(","NEG"
"On hold with @Apple, they're playing ""I Remember"" by @deadmau5.. Yeah don't transfer my call yet, I can wait for this song to finish! ? #tbt","NEG"
"@windowsphone THROWIN SHADE @apple","NEG"
"Why won't @apple release the ios7 for my phone already. I really want to see the difference in person.","NEG"
"@7evenStarz @Apple you have made no statement about the female condom.","NEG"
"China: @Apple no convence http://cort.as/5oXn","NEG"
"Will @apple help me fix my screen bc it doesn't work at all. I only dropped it and didn't work anymore, but i have no cracks on the screen","NEG"
"@apple @itunes y'all need to add that music que to the iPhones in iOS 7","NEG"
"When are y'all gonna come out with the iJordans? @Apple @MichaelJordan","NEG"
"At the @Apple store finally getting a new phone....it's been real 4s, but you just had to crack!","NEG"
"i need a middle finger emoji @apple mAKE ONE","NEG"
"Why y'all jerks not puttin the 5s on presale @apple ?!","NEG"
".@Apple discontinues Cards app and printing service, recommends using #iPhoto instead. http://ht.ly/oPzqp","NEG"
"With iBeacon, @Apple is going to dump on NFC and embrace the internet of things: http://goo.gl/PZQZsQ","NEG"
"Why does my phone tell me I work today @apple","NEG"
"#Nefarious @Apple says don't sweat it The data isn't stored on their servers or in the cloud but on the phone itself    http://bit.ly/1bgRunD","NEG"
"thanks @apple. second charger this week. pic.twitter.com/cXbjgFjiAy","NEG"
"@iPhoneTeam I'm moving to #Japan !! #TeamiPhone #TeamApple @apple","NEG"
"How Wal-Mart's #IPhone Discount Defeated Apple's Price Controls | @Walmart @Apple | http://ow.ly/oQLkj","NEG"
"All I wanted was waterproof and a front flash @apple ??","NEG"
"@IvanKostynyk @verge @Apple There was so much leakage prior to the event that the release didn't bring much new information.","NEG"
"@TarekAlaya @BlackBerry @Apple @google our simple dualcores makes pieces of iPhone 5 in benchmarks and beats a lot of quadcores","NEG"
"OS X 10.8.5 indirilmeye sunulmus @apple","NEG"
".@Apple If you don't send me the gold iPhone 5S for free I will kill my mom. pic.twitter.com/hACMrMS5I1","NEG"
"Lmao i hate u RT @JZFan: When are y'all gonna come out with the iJordans? @Apple @MichaelJordan","NEG"
"The @Apple home page is light green advertising a plastic #iPhone5C -- the terrorists truly have won.","NEG"
"#iOS #iOS7 #Apple @AppStore @applenws @apple #apple #jonyive @jonyive #uglyapps #ugly #fixed pic.twitter.com/Es1LN0abGC","NEG"
"@Apple can't trick @Speck. #SocialParty2013 http://ow.ly/oN9uO","NEG"
"Hola bby, eres sensual @apple.","NEG"
"@MobileKeverett You just wait. It will be immediately sold out when it's released. @Apple","NEG"
"I want the GOLD ONE!! I wonder if they'll interchange my black iPhone 5 for it. It's a year old you greedy muthafreakers! @apple ??","NEG"
"Please tell me @apple created a option to get out of a group message. #iphone5s","NEG"
"This isn't just about a nice to have. PwC on why @Apple @Facebook 95 other global corps should disclose emisions http://bit.ly/18Xc8Dk","NEG"
"Psst, @apple, please let us customize icons for groups of apps on our iOS devices","NEG"
"Create sturdier cords @apple","NEG"
"@mishi_za @natz0711 @SamsungSA perfect time to move to @Apple they don't seem to care about you","NEG"
"So @apple when was raining at 4 meant to say pouring at 1","NEG"
"@Vada_YDG @apple can u make a middle finger emoji","NEG"
"@ibogost @TheAtlanticTECH @apple The #iPhone5S is #JonyIves banging those ""champfered edges"" like they were cowbells.","NEG"
"Argh la espera ha sido eterna >< quiero ya el nuevo macbook pro 2013 @apple","NEG"
"@GuardianSustBiz @CDP @Apple our data addictions mean huge carbon emission.","NEG"
"Hey @apple #iOS7 #iOS Why go flat, then use a 3D parallax effect on the homescreen? #needdepth #fixcontrast","NEG"
"@annieftmccann @Apple darn she @ em and erthing","NEG"
"Japoneses acampan afuera de la tienda de @Apple en #Tokio, para ser  comprar los nuevos iPhone 5S y el 5C pic.twitter.com/0xUPoJfQ3z","NEG"
"1% = 10%. I went to bed and woke up the next morning and my phone was still on 1%. @apple","NEG"
"@JZFan @Apple @michaeljordan true! Ppl would lose all act right if that were to happen. Lmao","NEG"
"#iPhone5S @apple Activist Post: Unmasking the Real Steve Jobs http://po.st/f06pN5  via @po_st","NEG"
"@Samsung & @Apple , we need phones with an endless battery life.","NEG"
"Wishing @Apple had released a plastic backed 5s.  For obvious reasons...of course. http://sdrv.ms/163bRNs","NEG"
"It's weird and a little #upsetting that @TheAppleInc doesn't have @Apple as its handle.","NEG"
"@highsnobiety @Apple this is so Nokia Lumia, it's sick!","NEG"
"C #IPODPLAYERPROMO #IPOD #IPAD #ITUNES #APPLE #PROMO#IPODPLAYERPROMO @apple @itune","NEG"
"@apple @AyudaMovistarVe apple m mando al operador local para solicitar liberacion de mi iphone4s. Apple said that Movistar VE should do it","NEG"
"Ha! @bdwallace ""@thepartycow Well, well. @motorola using @twitter to fire back @apple. In other news go @adambain! pic.twitter.com/C6mGAMRQMI""","NEG"
"@highlyHIGHtori @Apple nah they didn't lie,they don't want you using it... It's a word tho","NEG"
"#IPODPLAYERPROMO #IPOD #IPAD #ITUNES #APPLE #PROMO#IPODPLAYERPROMO @apple @itune #IPOD GENERATION","NEG"
"Can @Apple just buy IHOP already & turn it into a three-legged race store where nothing is as it seems?","NEG"
"Really wishing @apple would offer me $200 for my IPad 1. Early adopters should be taken care of too!","NEG"
"@apple #iOS7 need to have more Filters to the camera , or remove 2 of the 3 black & white filters .. pic.twitter.com/Z05B3SaPoY","NEG"
"Quelqu'un peut-il expliquer a apple ce qu'est le ""low cost"" !! @Apple","NEG"
".@Apple discontinues Cards app and printing service, recommends using #iPhoto instead. http://ht.ly/oPzpn","NEG"
"These days, @Apple is more like a fashion label than an electronics company http://qz.com/123930  via @qz","NEG"
"Well taught alumna?RT @mchoto Curious re @Apple MKT dept thought process. Really dont get 5c. Same 5, only $100 less. No new mkt share.","NEG"
"???????????? RT @kemalnads: JazzyJeff @Apple what the...","NEG"
"http://thndr.it/14IFdTv  #phonebloks   @samsung @apple","NEG"
"@jonjonnyp @Apple You will have to queue up in person with the rest of the normals & uglies to get the 5s.","NEG"
"Ha @thepartycow: Well, well. @motorola using @twitter to fire back @apple. In other news go @adambain!!! pic.twitter.com/MH4QF0dAM0","NEG"
"Watched someone give a presentation this morning on their @Apple iPad only to have their unlock pw key presses be illuminated on screen.","NEG"
"Yo @Apple where is the update to allow u to access your call history while on the phone?!","NEG"
"It's about time that @apple released 0.7.5","NEG"
"Silly @Microsoft. Making fun of @apple won't sell more products. It makes you look desperate.  Desperate is a bad strategy.","NEG"
"@Apple and @BarackObama - laugh now but think about it pic.twitter.com/om0lZDgIRs http://nblo.gs/P1hLe","NEG"
"@apple wheres? pic.twitter.com/dNxOECPQ3T","NEG"
"@dave1010 @nsa @Apple iphone5c is ready to receive your biometrics , Sir","NEG"
"#RT      This is why #IChooseBlackBerry10     http://bit.ly/17sKeRJ     #iPhone5S  #iPadMini  @JimmyKimmel  #BB10  @BlackBerry   #QNX  #Z10  @Apple  #LOL","NEG"
"Since @Apple teases us with the phone weeks before you can buy it; can I do the same with my payment for the phone?","NEG"
"Talked to @apple today, looks like another week until I get my computer back :(","NEG"
"Menos mal que compre bitcoins en lugar de acciones de @Apple, lol","NEG"
"@apple care protection is onzin voor veel geld bij @ivizi_apr +macbook gekocht nu harde schijf kapot maar geen garantie door deukjes #fail","NEG"
". @Apple Doubles Down On An Incredibly Risky #Business #Strategy http://ow.ly/oMtWZ","NEG"
".@Apple discontinues Cards app and printing service, recommends using #iPhoto instead. http://ht.ly/oPzpS","NEG"
"? ????? #iPhone5S @apple ????? ???????? ?? ?????? ?????? ???? ?? ? ????????? ???????... go NSA ??????","NEG"
"Banned #iPhone 5S Promo @apple  http://youtu.be/fzG4BcaK064","NEG"
"@apple and @verizon wireless need to figure out this iPhone roll out and take care of business","NEG"
"Now I'm worried about Gmail tabs - the iPhone 5s/c email announcement from @Apple landed in my Updates tab #gmailapocalypse","NEG"
"@Apple non-authorized Apple guy replaced my ipad wifi antenna for $50 while I had lunch. #asia #genius","NEG"
"@Apple a lot of people have said the iPhone 5S/5C did not contain any major innovations, maybe you need to adjust to their shallowness...","NEG"
"In with the new but how the heck do I switch it on? Destructions don't say #help @apple pic.twitter.com/Epn891EAk7","NEG"
"@MuldoonPatrick @AppStore @Apple @AppleTweets Must be time to switch to @AvidProTools I've never had a problem with @AvidProTools Cust Serv.","NEG"
"I want @microsoft, @google, @apple, and @facebook to stop taking cheap potshots at each other. Just tell us why *your own* product is good.","NEG"
":-) ""Turns out that 'c' in Apple's iPhone 5c doesn't stand for 'cheaper"" @apple #iphone  http://lnkd.in/bMWsyRR","NEG"
"It's 2013 why can't I highlight text and un-capitalize it @apple like what are you guys even doing?","NEG"
"@apple where tf is my update ?","NEG"
"@Apple should have saved #iOS7's reveal to go with the phones.","NEG"
"@Apple: And, you all're standing a really really good chance of a lawsuit, unless you do my best friend right.  That's all that there is.","NEG"
"@MattHouse15 @Apple What They haven't came out with iOS7 yet ill never know","NEG"
"@Apple why is 16 gigs of storage even considered sufficient.","NEG"
"I'm pretty sure @Apple purchased Nokia's old ring tones from MS for iOS 7. #lame #2002 #8bitsound","NEG"
"@natz0711 @mishi_za @SamsungSA @Apple infrastructure not quite there yet","NEG"
"Seriously, @Apple - I carry two devices. #iPhone and #Walkman. You do FM on the nano, and your iPhone chips support FM. Just make it happen.","NEG"
"@JoshAnderson09 @apple #iTards","NEG"
"I have 0 storage left so I get her any texts or send any texts k thank @apple","NEG"
"@apple what about #BBM4ALL ?? Why haven't you approved the app on iOS yet?","NEG"
".@Apple VP Marketing: Be quiet, photogs, and let #iPhone do #photography for you. http://ht.ly/oPtOD  Condescension, anyone?","NEG"
"Phone autocorrects five to fivefifths. Thanks @Apple I'm outchea","NEG"
"Almost half a grand for an @Apple iPhone 5(c)heap is a bit steep.","NEG"
"THIS PHONE OMFG.    @apple ima need you to get it together.","NEG"
"But really, why am I looking at the video about the iphone 5s? It's not like I can afford it. *logs off @apple website*","NEG"
"@Tom_fairclough9 @Apple or last longer than an hour when you actually use it. Like your supposed to?","NEG"
"@Goddessvicky If only Jarvis could replace Siri. Think about it @Apple","NEG"
"@fulltimebro @Apple ohhhhhh you need this new phone or you will die!!!!!!!","NEG"
"I'm happy that after a year of lies @apple has finally called the ""White"" iPhone what it really is .. Silver","NEG"
".@Apple discontinues Cards app and printing service, recommends using #iPhoto instead. http://ht.ly/oPzo9","NEG"
"@Apple needs to get on the @UVVU bandwagon - all these new movies are coming out without #iTunes redemption codes (sad)!","NEG"
"my ipod cracked hAlp @apple","NEG"
"C'mon @apple, you can do better! pic.twitter.com/zrJCO2LeJn","NEG"
"@apple #apple alleen kapotte batterij vervangen, telefoon al twee weken kwijt, bad service :(","NEG"
"@Google #Nexus4 $199 w/o contract. @Apple #iPhone 5c $549 w/o contract. There's ""premium"" and there's ""YIKES!"" http://shar.es/ijR3q","NEG"
"u should make better chargers @apple","NEG"
"Siri is being mean to me @apple pic.twitter.com/8c6IdlywTc","NEG"
"What @Om Malik likes and doesn't like about the new @Apple iPhones http://buff.ly/1eGmopu","NEG"
"Well, well. @motorola using @twitter to fire back @apple. In other news go @adambain!!! pic.twitter.com/75hRORixpc","NEG"
"Telcos are the worst consumer companies in the U.S. They make Apple look like a childrens show lol. @millerjr99 @Apple","NEG"
"@apple hurry up with ios7 fs","NEG"
"one in Katy too smh @apple","NEG"
"I wonder how come @Apple takes 10 days to UNsubscribe you from EMs when they can JOIN you to an e-mail list in milliseconds... :-P","NEG"
"I don't think @Apple will be linking to this, guys!  RT @PopSci: Infographic! Should you buy a new iPhone? http://pops.ci/14MhGof","NEG"
"customer service? 2nd day trying to get a new phone and staff is rude + blows through appt times. Time to switch from @apple #apple #soho","NEG"
"@avoninspire @Apple omg same.","NEG"
"Since yall stopped sellin the iPhone 5 they should lower the prices on it so I can pay it off quicker and get the iPhone 5s @apple","NEG"
"@DGDtheband is like @apple they're driving up the demand for their album by only releasing one song.","NEG"
"Waay too many people waiting for #AppleCare, in my @Apple era this would not have been acceptable #Commodity pic.twitter.com/hgzYTEx3ya","NEG"
"Why does @Apple want your finger prints? @NSA","NEG"
"@jeanettehayes @Apple the company is literally not the same. at all.","NEG"
"@1JazzyJeff @Apple what the...","NEG"
"Darn why isn't there a middle finger emoji yet....it's needed!!!! not these!! ??????????????????????????????????????? @apple","NEG"
"Ok the iPhone 5C looks weird and is very different from the previous Apple Products #Apple @Apple","NEG"
"Yo smart butt always tryna correct me when I know wtf I put but don't have them reddots under ""ain't"" & ain't AIN'T EVEN A WORD @apple","NEG"
".@Apple discontinues Cards app and printing service, recommends using #iPhoto instead. http://ht.ly/oPzms","NEG"
"@Apple YH News Apple Stock Falls as Analysts Boo iPhone 5C Pricing: Apple stock (NASDAQ: AAPL) is in a near fr...  http://bit.ly/yh1pyu","NEG"
"Desaparecido el iPhone 5 de la Web de Apple (Descontinuado) AH OK!, y el 4S sigue en venta! que increible son esta gente de @apple","NEG"
"@mog_sharif @DougRTequan @Android @Apple @Apples @Microsoft #Everybody now likes Android.","NEG"
"@GuardianSustBiz @Apple @facebook @amazon #notgoodenough #CSR @Dr_Lara_Zib","NEG"
".@Apple VP Marketing: Be quiet, photogs, and let #iPhone do #photography for you. http://ht.ly/oPtMg  Condescension, anyone?","NEG"
"I cannot change the server seed or gamemode or whitelist until @apple  Approves MCPE 0.7.5 for iOS","NEG"
"@yld_thng @Apple what I thought pre-orders started today? Website lied?","NEG"
"by discontinuing #iphone5, @apple undercut ppl who wanted 2 get 1 once its $ drops. now, they have 2 get #iphone5C or new 5S. + or - sale ??","NEG"
"If you could make chargers that don't rip in 5 days, that'd be great. @apple","NEG"
"""@Apple didn't comment on wether the #NSA was involved in the development of Touch ID or if it has access to the encrypted data stored...""","NEG"
"Has @Apple lost it?  The latest product announces are evolutionary, not revolutionary.  New @Android are looking good....Time to switch?","NEG"
"@Liberationtech @Apple @TriBizTech  disaster to make biometric ID the #1 selling point of iPhone in a post #Snowden and @ggreenwald world","NEG"
"@ETGoldNews  @Apple Apple announces a gold iPhone and the price of gold drops.","NEG"
"@howswelegant @Apple @bubblemania @laurenjessa what. The. F. & what happened to your phone?!?!??","NEG"
"Why ain't I getting my email notifications @apple","NEG"
"@apple: love your products, hate inefficiencies of Genius Bar; why make an apt when I still need to wait 30mins?! http://4sq.com/1eOIu9d","NEG"
"Hello @apple is your new iPhone going scratch every time you touch and crash when you get a few messages?","NEG"
"Aiming at high end with iPhones is classic @Apple http://usat.ly/19OfIC1  via @USATODAY","NEG"
"Mi banca rota es culpa de @Apple :(","NEG"
"#iphone5s rs 6000 in #usa but 40000 in india why?? @appletweets @apple #iphone #apple #rip #india #rupeefalling","NEG"
"I'm in agreement with Alaric here. Why isn't NFC in the iPhone? #iPhone @Apple @Polar_Moment http://lnkd.in/bnCWBJ3","NEG"
"My iPhone cracked @apple when the new ones coming out","NEG"
".@Apple VP Marketing: Be quiet, photogs, and let #iPhone do #photography for you. http://ht.ly/oPtJB  Condescension, anyone?","NEG"
"@apple why is the 5s $199 in the US & $719 in canada .. ?","NEG"
"My iphone4 has so many broken features. Basic operation is Difficult. Cannot wait til sept 20 to get a new phone @apple #FirstWorldProblems","NEG"
".@Apple VP Marketing: Be quiet, photogs, and let #iPhone do #photography for you. http://ht.ly/oPtEr  Condescension, anyone?","NEG"
"??13???????@apple store ?? ???????????????????????????????????????????????????????","NEG"
"@Punk240z @Apple how come you aren't also defending the female condom?","NEG"
"@PGAFFII @Apple yes. My phone has been acting strange since Tuesday.","NEG"
"@Apple missed KEY security opps w/ fingerprint scanner, eg scanning/sending prints of #iPhone thieves = theft deterrent & recovery aid. cc","NEG"
"Sept. 13 SBD Global: Sunderland (@SAFCofficial) signs deal with Tanzania; @CTH sues @Apple over EPL mobile apps. http://bddy.me/14PXI6Q","NEG"
"I really wished that @Apple let you preorder the iPhone5s!! I don't want to what to the 20th!!! That's soooo far away ??","NEG"
"Banned #iPhone 5C Promo @apple  http://youtu.be/dU0Q_Ahcb1s","NEG"
"@RichP nope i do not get it @appledevcenter @apple","NEG"
"So is it true the camera on your @apple #imac never turns off and is always watching you? #privacy","NEG"
"oh i didn't realize it's only the 5c that's presale tomorrow. boo @apple","NEG"
"Say what you will about #Windows8, at least I can go to a @Microsoft store and get a hard copy of the OS. #WTF @apple?","NEG"
"@apple mightttt be losing money","NEG"
"@antoneg thanks for including us in ""Why @Apple will disappoint businesses with #iPhone 5S fingerprint scanner"" http://ow.ly/oMTKB","NEG"
"Hey @delta your iPhone app is messed up. Keeps showing notifications in lock screen even when disabled. @apple should look into this. #hack","NEG"
"Y'all can have a finger print scanner but can't get y'all weather app to be accurate? This a joke? @Apple","NEG"
"iPhone 5C = 5 cheap...  Plastic = not worth the money  Metal forever @Apple... Get it right!","NEG"
"@LawSchoolSrat You see @apple ? This is your problem. Not ours.","NEG"
"Apple 5C sells for $199 in the US.... But it's 40k in India???  @apple  how come it s cheap?? :/","NEG"
"@Apple needs to address the battery life on the current phones instead of producing and pushing new ones! ??","NEG"
"@Google should buy $BBRY it would put a nail in @Microsoft coffin, KO @Apple. @Blackberry app issue would end and Google dominate enterprise","NEG"
"So, all the fingerprint information people accidentally stored in demo phones at @Apple stores are basically free4all? #keynote #iPhone5s","NEG"
"iMessages won't send k @apple","NEG"
"Dear @apple in iOS7 I miss a clear and obvious button. Red text isn't enough for my simple mind.","NEG"
"Is anyone else irritated that @apple still hasn't figured out how to make #Flash work on their mobile devices??? #corporatebully","NEG"
"Aaaaa....@Apple paa...wey stuff dis?? Same old stuff...Jx bright colors","NEG"
"why is icloud taking 4 hours to upload 2 GB that is so stupid @apple they really need a twitter account","NEG"
"new #iphone will make @apple drop as no innovation of their products and other smartphone will beat them as they are better and cheap","NEG"
"I swear I wont buy any locked to developer phone anymore cc @apple @windowsphone","NEG"
"@apple should of stuck to the traditional black and white classy look","NEG"
"@Apple YH News Apple Shares Fall After iPhone Event: Apple Inc. shares tumbled a day after the company launche...  http://bit.ly/yh1pyu","NEG"
"Smh RT @cemorecake718: RT @SWAGGA_L: THE WORST !  RT @Mati_uCurvegawd: Yooo @apple why my iPhone 5 battery so sus?","NEG"
".@Apple VP Marketing: Be quiet, photogs, and let #iPhone do #photography for you. http://ht.ly/oPtNy  Condescension, anyone?","NEG"
"who in their right mind is going to pay this much for a PLASTIC iPhone @Apple - r u joking or what? pic.twitter.com/ILb1xRqikd","NEG"
"#IchooseBlackBerry10 because syncing files with my PC is easier and I don't need an @Apple or iTunes","NEG"
"Why @apple hasn't created a 'leave' option for group messaging yet, I'm not so sure..","NEG"
"@Apple shares drop. Complacency will level the most powerful individuals, companies, corporations and empires. @Samsung and @Google next?","NEG"
"@apple brat","NEG"
"The way @nokia_uk just burned @apple","NEG"
"RT @SWAGGA_L: THE WORST !  RT @Mati_uCurvegawd: Yooo @apple why my iPhone 5 battery so sus?","NEG"
"Hey @apple ,@nokia called, they want their colourful unibody polycarbonate design back  ^^ @windowsphone","NEG"
"@samsung made a waterproof phone???in your ace @apple !","NEG"
"My phone died at 10% excuse me @apple that's not how it works","NEG"
"i just lost three weeks worth of social media posts because my WiFi likes to do it's own gotdarn thing. @Apple y'all need to fix this!","NEG"
"R u joking with this fake steve jobs, @apple??? We all miss him, but don't be crazy pic.twitter.com/pshFqMmnlt","NEG"
"@apple @cheerios @extra give it a freakin rest!","NEG"
"Phone broke @apple","NEG"
"I think the iPhone5S fingerprint scanner idea was submitted to @apple support in 2005 and took this long to get through the support process!","NEG"
"@apple why do i have to chose? you could just make it in one coulour... pic.twitter.com/fOcSb1FMQc","NEG"
"@Apple shares plummet after pricey #iPhone5C fails to hit the spot in #China | @ITProPortal http://ow.ly/oORAI","NEG"
"CEO of @CDP asks If @Apple refusing to divulge carbon emissions data because arch-rival Samsung is out-performing http://bit.ly/18Xc8Dk","NEG"
"the video from @Microsoft how was making fun off @apple it's PRIVET  what the freak !!!!","NEG"
"@Apple your getting further away from product offering simplification and heading to complexity - its what got you in trouble before!","NEG"
"@apple @AppStore @appleinsider Why are canadians always paying more? 5c USA$99 Canada$599 ? ROFL #EDTECH #Apple pic.twitter.com/e6NVt28xKt","NEG"
"Coining #fingergate: When your new @Apple iPhone 5s fingerprint reader fails & locks you out of your own phone.","NEG"
"why wont my phone stay charged @apple","NEG"
"@apple thanks for the email asking me to buy your extremely overpriced phones in Australia. No thanks though. #applerort","NEG"
"@Apple can u make more sustainable chargers and headphones so I can stop buying more....but that's probably ur plan","NEG"
"@ErtaySh Of course it will it just seems like @Apple is losing its touch to wow the tech crowd. Common man doesn't know any better yet","NEG"
"So bogus for @Apple to release a high-end phone and then basically make it obsolete a year later...for the 2nd time!! pic.twitter.com/icb7cSR5jS","NEG"
"like you say, arrogance MT @joconfino: @Apple @Facebook @Amazon refuse 2 divulge carbon emissions data to CDP http://bit.ly/18Xc8Dk","NEG"
"not too pleased with @apple allowing wallmart to discount their new phones. why give them anything","NEG"
"No @Apple, I want my album covers, not your pictures. Give 'em back. pic.twitter.com/yKAiIHu6YY","NEG"
"@delilahevening @pickadilly7 Lame. Get on that @apple.","NEG"
"I only have 12% battery and I feel like dying @apple","NEG"
"#iPhone #5c Baixou um espirito de escola de Samba no pessoal da @Apple  Ficou Feio de doer :(","NEG"
"@apple are trying to royally screw me over! Wait for 2 weeks when your warranty runs out to send your phone in to be fixed!","NEG"
"I'm not impressed with the #iPhone5s or #iPhone5c. @Apple needs to innovate to survive. http://exm.nr/15TSUDJ  (via @examinercom)","NEG"
"Consider Yourself Warned, @Apple, @TheRevAl  Wants Bite Out of You | http://shar.es/iZ8KJ   #Diversity or... simply #RaceBaiting?? #tcot","NEG"
"Agree! RT @joconfino: Nothing short of a disgrace @Apple @Facebook @Amazon refuse 2 divulge carbon emissions to CDP, http://bit.ly/18Xc8Dk","NEG"
"Why was @apple hella secretive about the iphone 5s design? That jawn look the same as the old ish do.","NEG"
"Is it just me who found @Apple's #iPhone announcement massively underwhelming? OooOoooOOoo, colours.","NEG"
"These @Apple jokers out here making golden iPhones but still making chargers outta playdoh","NEG"
"@wsdot_traffic don't forget to steer clear of @apple.com for iPhone 5C preorders!  #fear","NEG"
"On the 5S will Siri understand black people ? @apple","NEG"
"Did @Apple deliberately lock the phone off button on old devices on purpose in anticipation of their fingerprint scanner 5S and 5C release?","NEG"
"@2shaneez @Apple same omfg this is messed up","NEG"
"where tf is ios7 @apple","NEG"
"Article by @joconfino on @facebook @apple @amazon in minority of big biz failing to report to investors through @cdp http://bit.ly/14OQ6BD","NEG"
"conspiracy theorist in me is saying that @apple adding fingerprint protection to the new iPhone is exactly what the NSA wants. #noprivacy","NEG"
"Is @Apple refusing to divulge carbon emissions data because arch-rival Samsung is out-performing http://bit.ly/18Xc8Dk  #sustainability","NEG"
"Hey @apple, why TF won't my iPhone 5s recognize me?!??? pic.twitter.com/ageL53hCJh","NEG"
"oh wow @apple.... you guys release info on the 5s and all of a sudden my phone dont wanna charge..... brats","NEG"
"What?!?! Bouta finally cop lol RT @__BH__: I'm PISSED that Pages is now free @apple where is my refund for buying it! LOL","NEG"
"#iOS7 is actually a really big copy of #windows, STAY ORIGINAL @APPLE","NEG"
"To be honest i think iphone5C looks bit tacky @apple #apple #iphone5c","NEG"
"Breaking News: @LeapMotion acquires @Apple Newton resale rights. Now selling two devices ""that are a huge disappointment""","NEG"
"@Apple Thx fr the offer fr a new plastic #iphone but Hello Kitty makes n equally as impressive one. Besides you've made it all about Samsung","NEG"
"so much for @apple #Iphone5c being the cheap version. #msm reporting it available at $99...preorder from apple store for $899 #dodgy","NEG"
"RT @SWAGGA_L: THE WORST !  RT @Mati_uCurvegawd: Yooo @apple why my iPhone 5 battery so sus?","NEG"
"Ios7 will have iMovie for free I want my 5 bucks back @apple","NEG"
"@apple #failed big time with their new iPhones. What happened to it being a ""budget"" phone?","NEG"
"I'm PISSED that Pages is now free @apple where is my refund for buying it! LOL","NEG"
"@7evenStarz I'm not a fan boy, rather disappointed recently with @Apple but they are hardly stupid. They are successful for a reason.","NEG"
"Why does @apple not provide detailed technical specifications of their new devices? When tear downs reveal the information anyways?","NEG"
"iPad gone to the Apple Store in the sky ?? and tech support from @Apple Genius was no use at all #frustrated #FridayThe13th #iPad","NEG"
"I watch every @apple press conference waiting for ""one more thing.""  Probably never going to happen is it... #missSteve","NEG"
"@apple wanna explain to me why my phone just reset to 2005?!?!?","NEG"
"i set an alarm and it didn't wake me up @apple fix this","NEG"
"New #iphone is the same size and same price. Why would I get a new one for a fingerprint. Bybye @Apple, hello @Android","NEG"
"@Apple: I expect to be reimbursed for all this time where I cannot download iOS 7 betas as a developer...","NEG"
"Hey @apple your TV is quite annoying to have to put in a password for every video I want to watch. And yes I am the only one using it. #uggh","NEG"
"stop updating phones every six months and instead make your chargers longer than 4 inches @apple","NEG"
"It's really starting to piss me off. Hey @apple what's the deal with the iphone5 acting like a jerk?","NEG"
"Stayed up really late to order the new @apple #iphone5s just to find out there are no preorders. #BITTER #NoInfoOnWebsite ??","NEG"
"nothing new with iphone! @Apple http://goo.gl/iLVi5t","NEG"
"@ELECTRAFOOD @emmma_hemmings @twitter @Apple they are so #done with you","NEG"
"Please @apple get rid of that bird tweet text alert on iPhones. #itsfreakingannoying","NEG"
"@Apple does an incremental upgrade really require an ""event""?","NEG"
"@Apple definitely missed a trick with the iPhone 5C. Instead of something based on the iPod Nano, they brought out a plastic iPhone 5","NEG"
"Shameful @apple @facebook @amazon @caterpillar for refusing to disclose #greenhousegas emissions through @CDP","NEG"
"Even automakers are innovating faster than @Apple, check out @Nissan's #smartwatch http://ow.ly/oPJZk  http://ow.ly/i/38HXX","NEG"
"?.@blogdiva A complete no-brainer. @Apple sucking-up in government hearings to ""get more certainty/no taxes"",w/ fingerprint database @OFA","NEG"
"@Apple FIX THIS!","NEG"
"will not go away, wtf @apple. pic.twitter.com/fRVugeO5ad","NEG"
"@wilcoxaj @tmcconnon @Apple you're both the iPhone of my life... Meaning you don't work when you should #fun","NEG"
"@apple #iTunesFestival fail.  Good luck trying to watch #sireltonjohn video feed.  Wonderful audio but absolutely poor video.","NEG"
"http://9gag.tv/v/1132   hahahahaha in your face @apple","NEG"
"The freak? New iPhone. @apple hello? Help","NEG"
"lmao well done @Apple.  now I'm absolutely sure u know EXACTLY what you're doing smh","NEG"
".@Apple uses Chinese labor and cheap materials to reduce price for iPhone 5C. Still won't cut profits to make it affordable in China. #irony","NEG"
"@Punk240z @Apple It isn't achieving any more than a normal faster processor because it is hobbled by lack of ram to reap 64bit benefits","NEG"
"if @PhonebloksInc ever happen, I'm sorry but @apple and their @iphoneteam will be crying because they won't see the market again lol","NEG"
"Emojis I'm mad we have b4 black ppl:????????????????????????? @apple try harder","NEG"
"We submit our 40MB @ios app. @apple then tells us they have added enough stuff so it's 55MB and over the 3G dnld limit. WTF?","NEG"
"My phone stopped working for a minute it powered itself down and wouldn't turn itself back on I almost had a heart attack omfg wtf @apple","NEG"
"Trying to create hype like Nike #fail @apple","NEG"
"ugh literally once a day my phone just spazzes and says 'no sim card' so i have to turn it completely off which takes forever @apple ihy","NEG"
"@Punk240z I'm done with @Apple I'm really curious as to your opinion of the female condom","NEG"
"Hey @Apple, how about you invest some money in making better/stronger cords for my IPhone and whatnot?","NEG"
"tbh i always love black or gold jesus fjaskdghdka hate you @apple","NEG"
"in other news i have 1% battery again @apple sort this out","NEG"
"Apple No Longer Innovates, Says the Man Who Helped Steve Jobs Design the Mac http://bit.ly/181zl8g  @Apple","NEG"
"ITUNES JUST UPDATED ITSELF AND LOST ALL OF THE MUSIC ON MY PHONE AND I CAN'T GET IT BACK IN MY LIBRARY THANKS @APPLE","NEG"
"@Apple itunes why you make me push play 5 times to rent your movie?","NEG"
"MY PHONE HAS BEEN FROZEN FOR AN HOUR IM REKALY OK @APPLE","NEG"
"I complain that @apple is ripping Australians off and INSTANTLY a scam tries to tell me I have won a new iphone. Oh internet, you so silly.","NEG"
"What happend to @apple calling me within 24 hours?","NEG"
"@apple got it wrong. We needed improved battery w/o sacrifice performance and #iphone5s delivers the opposite! Go figure.. good phone anyway","NEG"
"Really @apple? #emperorsnewclothes What a joke! You really dont know the meaning of ""variety"". #WP has you beat pic.twitter.com/d8hSGvuGhG","NEG"
"Warning: Your New #iPhone Can Put Your #Identity At Risk  http://onforb.es/17Uvr33  via @forbes  #cybersecurity @apple #crime #fingerprint","NEG"
"I thought they said the iPhone 5c would be cheaper the whole retail is $528 are you serious where is cheap in that price. @apple","NEG"
"@apple Seriously? Siri just rejected me. ""Sorry I cannot help you, please try again later"" maybe you need cloud services from IBM?","NEG"
"@richellelittle @delilahevening @Apple seriously SKYPE has had it for years!","NEG"
"If @Apple does not release a waterproof iPhone 5s within 6 months they will be shutting down their doors.  http://www.macobserver.com/tmo/death_knell","NEG"
"So either the ppl i follow r very anti @Apple or the 5S/5C announcement didnt really impress too much no one is talking abt it 2 days later","NEG"
"I wish @apple could figure out how an alarm works. If I delete an alarm that means I don't want it to go off. #IsThatSoHardToUnderstand","NEG"
"This made my day! @apple #iPhone users can be pretty gullible (video) http://tinyurl.com/nhou46g","NEG"
"Of course the day that they announce the new @apple iPhone my lock button randomly stops working. #iphone5problems","NEG"
"The iPhone 5c looks SOOOO WELFARE @apple","NEG"
"Ouch! Thieves cut off fingers to get fingerprints to access smart phones.  http://ind.pn/1eFW275     @apple","NEG"
"Lol @Apple They claim that their thumb print scan lock is genuine, first on a cellphone. Yet Nokia released a phone in 2011with same feature","NEG"
"This is what we waited for re: iPhone 5s? ""Where's the beef?""    Is it just the 64bit and upgraded camera and colors? I do expect more @apple.","NEG"
"@gollmann @BiometricsTech @jeremiahg I will not purchase any device that asks for my fingerprint. @Apple","NEG"
"@SkyHelpTeam 3yr old smartypants prone to moving my apps! why isn't there an app for that!? * glares @apple *","NEG"
"@apple sir? Ma'am?... What the freak is this? pic.twitter.com/opcGnRZyrw","NEG"
"@om it's the same phone as the 5 .. Did @Apple lay off there engineers? Gimmick finger print bullstuff. How bout a bigger screen ?","NEG"
"@Apple @SamsungCamera @SamsungMobile  Samsung is the best...its better than I-phone with everything according to me!","NEG"
"Because @Apple has no idea how real people work, I have to erase my iphone & start over just for re-installing itunes after a new OS. #fun","NEG"
"Bc apple no longer impresses like it used to ""@lmkunert: @Apple stock still on the decline after yesterday's iPhone Event. Not a good sign.""","NEG"
"i want ios7 freak can it come out already im getting real tired of waiting @apple","NEG"
"freaking heck @apple pic.twitter.com/Bn0cFCS1cx","NEG"
"lol someone @apple is asleep at the wheel","NEG"
"iPhone battery was on 86% at 1am last night.. 53% when I woke up.. 20% an hour ago.. Now its on 2%. Cheers @Apple #Crapple","NEG"
"Hey @Apple, the only time I ever got fingerprinted, I spent the night in jail. No freaking thank you.","NEG"
"My pictures aren't loading @twitter @apple fix yo stuff niqqa","NEG"
"Okay so @apple apparently is making the  new iPhone which the EXACT SAME THING as the old iPhone but now it has colour, I'm going to murder","NEG"
"@Apple @timcook Where is the freaking Chaban Delmas bridge Mr Cook ?!!!!! #maps pic.twitter.com/RkO36pYt9v","NEG"
"HOW DO YOU SLEEP AT NIGHT, @APPLE?! (DOES APPLE EVEN HAVE A freakING TWITTER???!)","NEG"
"why has it been 24 hours since i started restoring from icloud and my apps still arent downloaded??? @apple #darnyouiphone","NEG"
".@tmcconnon You're the @Apple of my eye. Meaning you're a piece of crap.","NEG"
"Just spent a painful 20 minutes on the phone to iTunes support. Life's too short for this @apple.","NEG"
"@apple if you make products that break, shouldn't the case be free? #plannedobsolescence","NEG"
"Two things I have an issue with @apple are:  iPhone memory is $100 more for 16gbs. Too $$$  Also iPad n iPad mini price way too high","NEG"
"iOS 7 makes it 300% harder to change your wallpaper. Considering this is all the customization #iPhone users get, @Apple has some work to do","NEG"
"Shame on you @Apple @facebook, @amazon @TWC @comcast, @CaterpillarInc @General Dynamics @GileadSciences http://bit.ly/18Xc8Dk","NEG"
"sorry @apple, without @stevejobs, you're just another company run by businessmen","NEG"
"@Apple When iOS 7 makes it look like an iPhone has a more vulgar samssung why continue to want an iPhone?","NEG"
"Dear @Apple - I'm a little peeved at y'all not doing 5C pre-orders. I ain't standing in no darn line to get it next Friday. freak that.","NEG"
"I don't understand why I am not eligible for an upgrade @apple :-(((((((((","NEG"
"I don't like #iOS7 they're changing the look of everything @apple","NEG"
"@nimbuzz you forgot #expensive #appleTax $740 16GB in Australia. Thanks a bunch @apple","NEG"
"@7evenStarz @Apple since your statement about the phone is technically flawed. The comparison to the female condom is rather a mute point.","NEG"
"@riveraoor good ol terrible @apple","NEG"
"So, guess I can't have Tweetdeck on iPad. It's annoying how @apple marketing politics can cause lapses in iPad's usefulness #wishihadandroid","NEG"
"Disappointed with @Apple","NEG"
"@Microsoft pulled the @WindowsPhone ad ""A fly on the wall in Cupertino?"" which was AWESOME. It nailed how poorly @Apple thinks of it's fans.","NEG"
"so @Apple Has the #iPhone 5C And the #iPhone 5S the freak what's the difference like really come On","NEG"
"Why Can't You Make Better Chargers @Apple ?!","NEG"
"@Apple I hate when they put out a new iPhone because then my iPhone feels old","NEG"
"Android is better.   @apple","NEG"
"U gettin the 5s? RT @AlShepMH: Yooo @apple freak is my update @","NEG"
"@nokia releases 4 amazing smartphones within a year, no one cares. @apple changes the color of a phone, everyone's ecstatic.. #fanboys","NEG"
"Lol yes @apple the iPhone 5s is ugly","NEG"
"Yo @apple get your stuff together my iMessage is trippin again","NEG"
"Dear @Apple,     The 5s headphones better not suck like these regular 5 headphones, Steve is turning over in his grave.    Thanks,  Diego ??","NEG"
"@Apple says #iPhone5S fingerprints secure because ""apps can't access other apps"" - this lawsuit would be to differ - http://bit.ly/15V6twt","NEG"
"An @apple fail today, Catherine dropped her phone & broke the screen, went to store to replace said we had to have an appointment #wtf","NEG"
"Yooo @apple why my iPhone 5 battery so sus?","NEG"
"I hope the 5s battery life is better than the 5 because the day isn't even half over and my batteries dead... @apple","NEG"
"Think I've decided this may be my last iPhone. @apple fix your stuffty digitizers.","NEG"
"But @Apple looks like it teaming up with the US government cause these new features are too personal","NEG"
"That was so rude @apple","NEG"
"Anyone else as sad as I am about @Apple pulling their Cards app?","NEG"
"@apple not really liking iOS7s calendar. Don't like the view when you click on a day with an event.","NEG"
"@Apple Missed the Best Use for a Fingerprint Scanner http://zite.to/181fvIc","NEG"
"@apple, thank you so much for making all the iphone screens easily breakable glass. Smart way to rob us of our money even more...","NEG"
"Apple earphones made my ears swollen, smh I hope you're happy bc satan is judging u @apple","NEG"
"@apple ill buy an iphone again when they make the warranty 2 years - the length of the plan # crap products","NEG"
"@apple stop making new iphones every year and updating the software every year. #itsannoying","NEG"
"@Apple - what happened to your famous #customer support?  GUess that's gone  too.  Your people misled me in so many ways... SAD","NEG"
"iPhone 5C was supposed to be cheap but it's the same price as other iPhones. You disappoint me @Apple","NEG"
"The current #iTunes interface is a mess! I can't use this convolution! @Apple","NEG"
"This will be the 5th charger I have to buy @apple smmfh","NEG"
"@apple why the freak can one still not delete content from the ""recently added"" menu in itunes?","NEG"
"@Apple why 5c? for a cheap phone, the price is too high to entertain - Offer only 5s with more color offerings...  Stick to simple!","NEG"
"Now you know Steve can't answer u back RT @ouukillem: My phones acting wtf is your problem @Apple @SteveJobs","NEG"
"@Apple you are pissing me off on this glorious Friday. Not cool dude, not cool.","NEG"
"Pandora > itunes radio @apple","NEG"
"Shame on you, @Apple, @Facebook and @Amazon, says @jocofino about #climate http://gu.com/p/3tyep/tw","NEG"
"@Apple When iOS 7 makes it look like an iPhone has a more vulgar samssung why continue to buy an iPhone?","NEG"
"Dear @Apple, your weather app needs to do better. Be better than The Gap.","NEG"
"WTF @APPLE my iPHONE 5 isn't vibrating at all!! Fix this stuff bruh","NEG"
"@apple You'd think they had #lawyers that would think of problems like this beforehand. #iPhone #firstworldproblems http://www.wired.com/opinion/2013/09/the-unexpected-result-of-fingerprint-authentication-that-you-cant-take-the-fifth/?mbid=social11837204 ","NEG"
"Don't understand @apple big deal. Kid just got ipad for school. iTunes & Apple Store suck. Slow, unusable, strange errors, account problems","NEG"
"Is it just my imagination or is @Apple trying to get $600 out of me EVERY SINGLE YEAR!! Get it right the first time, please!","NEG"
"@Apple don't care how many times #iTunes asks I'm still not updating it #goaway","NEG"
"@Apple When iOS 7 resembles more a vulgar samssung why continue to want an iPhone?","NEG"
"@TactusTherapy that is unfortunate... It seems like a huge step backwards for @apple to take.","NEG"
"@Punk240z I just hate @Apple not the phone. You ignored your obligation to defend the female condom","NEG"
"Downloaded @FlightRadar24 having seen it looking amazing on Android. Oh, ipad version uses @Apple's stuffty, undetailed maps. #WasteOfTime","NEG"
"Dont protest @Google @Apple by marching in the streets. That achieves nothing. Hit them where it hurts their wallets. Boycott them #NSA","NEG"
"Apple is no longer an innovative company, says the man who helped Steve Jobs design the Mac @apple http://flip.it/RuY1K  #applebashing","NEG"
"@Apple: Apple Store North Scottsdail Road, Scottsdale AZ has the worst customer care I've ever seen in my life!","NEG"
"This is stupid! You can only pre-order the 5c tomorrow? And pick up 5s in store the 20th? I don't wanna deal with stupid lines @apple #apple","NEG"
"@Apple Underwhelms in #China, Too -- New iPhones? In China, the reaction is 'meh'... http://add.vc/cC5","NEG"
"Every app on my phone effing up, u not slick @apple I'm not getting a 5s","NEG"
"By the way @Apple, don't expect to break the Android hold on the Asian market with that ridiculously overpriced phone any time soon.","NEG"
"@apple has lost focus of the consumer and has turned to making #cheap devices to turn a profit. #shame #myEyesOnLumia","NEG"
"Hey @apple enough with the freaking two tone iPhones.","NEG"
"@piriyankaa @Apple Y U SO NASTY","NEG"
"Lmfao that's freaked up ; @apple making us stand in line for the #5s :/","NEG"
"apple takes so long to support. darn you @Apple","NEG"
"Look @apple , don't send me no emails about ya new gay butt phones.","NEG"
"I dunno how these @Apple execs keep straight faces while admitting they're fooling you in exchange for the bare minimum..","NEG"
"Amazing with all the technology they have, and the amount of money they charge, @apple still can't make a laptop that doesn't overheat. #FOH","NEG"
"@Apple the mistakes, missteps your doing now - I thought you would've learned from past failures.","NEG"
"Dear @apple I'm mad at you!","NEG"
"A 64 bit phone with less than 4 gigs of ram has just about as much utility as a female condom.  #iphone #crapple @apple","NEG"
"@apple please fix your chargers ok thx bye","NEG"
"I think @apple have lost the plot with the 5c, it's made out of plastic for Christ sake. Nobody will buy it, and if they do, they're mad","NEG"
"I'm not sure if the C in @Apple's new iPhone 5c stands for cheap or China. Either way, at $549, it is certainly not cheap.","NEG"
"@Blackberry #IChooseBlackberry10 best keyboard, swiftest multitasking, and no NSA backdoor. @apple and @google can suck my data trail.","NEG"
"Androids better anyway. ""@ouukillem: Get ya stuff together or i'm switching to android @Apple""","NEG"
"@JoshAnderson09 @Apple no, you won't be HIP. and that's WORSE THAN DYING","NEG"
"@Apple does not care about their customers.","NEG"
"@Apple definitely gone give the #NSA ur #fingerprints be a fool if u want too.","NEG"
"@Apple you just missed the 'Black' one - so when you are copying that too ? @Nokia ;D http://sdrv.ms/161BQVl","NEG"
"My iphones wifi network hasnt worked for nearly a week..I hope @apple can fix it or im switching. #theregoesallmydatausage #pissedout","NEG"
"A teaser trailer of @apple 2013 macbook pro. freak you!!!","NEG"
"@twitter @apple @mac WHY ARENT PICTURES LOADING FIX UR stuff","NEG"
"@7evenStarz @Apple I think the iPhone 5s is a joke. But your statements are misleading.  You're blinded by your hatred of a stupid phone.","NEG"
"I used 30% of my battery texting. @apple give the next iPhone a better battery, this one sucks.","NEG"
"@extrodilarry @Apple freakONG YEAH APPLE WTF","NEG"
"@ughnarrybye I SHOULD O && IMESSAGE IS BEING A BUTTHOLE AS USUALLY @apple get your stuff together please","NEG"
"@DeltaAssist *EP it gets worse. The notification remains even after the app is removed. Totally invasive. @apple","NEG"
"You guys at @apple have me F**** if you think your going to catch me slipping with that fingerprint ish","NEG"
"@apple Steve jobs didn't die for you to freak up my phone and not let me see nudes on twitter.","NEG"
"Decided! I'll never buy an Iphone. @apple","NEG"
"Nothing short of a disgrace @Apple @Facebook @Amazon refuse 2 divulge carbon emissions data to global NGO CDP, http://bit.ly/18Xc8Dk","NEG"
"freak y'all for creating iTunes @Apple","NEG"
"Wife's ""i4"" used to last 3-4 days on a ""#fullcharge"" before OS update now full charge only last 24 hrs - shame on you @Apple!!! Pls Retweet!","NEG"
"iTunes doesn't sell Simple and Clean. What the freak did I ever do to you @apple??","NEG"
"THE WORST !  RT @Mati_uCurvegawd: Yooo @apple why my iPhone 5 battery so sus?","NEG"
"over 500 pictures deleted and I still have /only/ one goddarn GB wtf @apple","NEG"
"freak @apple I knew y'all had Siri undercover.","NEG"
"Disappointing RT @joconfino: Nothing short of a disgrace @Apple @facebook @amazon refuse 2 divulge CO2 http://bit.ly/18Xc8Dk  cc @CDProject","NEG"
"I hate my phone. It's slow, freezes and it's not up to date with today, I feel. @apple & @sprint would rather charge us hundreds to upgrade","NEG"
"STILL WONT CHARGE DAFUQ @apple","NEG"
"I'm sick of screen shots. Y'all freaked up the game @Apple","NEG"
"Fix iMessage got darnit!!! @Apple","NEG"
"I really hate it that @Apple switched to @IntelCPU...that really sucks ant balls. I might as well just buy a Windows machine now.","NEG"
"#TaxAvoidance and now not disclosing Carbon footprint? Shame on you, @Apple, @Facebook and @Amazon http://gu.com/p/3tyep/tw  via @guardian","NEG"
"@apple since steve jobs died u suck nerds WTF IS THE IPHONE 5/5C/S switching to @SamsungMobile","NEG"
"SO disappointed in @Apple  Sold me a Macbook Air that WONT run my apps. SO I have to drive hours to return it. They wont let me ship it.","NEG"
"figure out your stuff @Apple","NEG"
"Dear @apple killing the Cards app? Really upset. Ease, fun, speed--and you killed it? #notcool #deepfail","NEG"
"Not sure if its @verizonwireless signal or @apple iPhone but I am done with this lack of signal bullstuff!","NEG"
"stop making new iPhones and improve the darn chargers come on man! @apple","NEG"
"Nothing short of a disgrace @Apple @facebook @amazon refuse 2 divulge carbon emissions data to global NGO CDP, http://bit.ly/18Xc8Dk","NEG"
"Yooo @apple freak is my update @","NEG"
"Twitter and snapchat works but my iMessage always freaks up. What the freak @apple","NEG"
"Why is my phone so freaked up none of my pictures will load and my apps won't update and I can't get texts???? What the heck @apple","NEG"
"@Apple. Safari isn't that great. Stop making me use it to watch your freaking keynote!!!","NEG"
"@apple freak YOU AND YOU STUPID butt CHARGERS  I HATE YOU ! WHY ARE THEY ALWAYS HAVING SHORTAGES LIKE WTF","NEG"
"iphone 5s and 5c are so freaking boring @apple u spent a year making the fingerprint? :/","NEG"
"This is literally my 5th charger to break freak you @apple","NEG"
"scum @apple","NEG"
"@apple IM NOT KIDDING WHY THE freak CANT I USE ITALICS ON AN IPHONE FOH!!","NEG"
"@jlilest @Apple don't even get me started, if my iPhone had a face I would punch it","NEG"
"@apple your stupid ""iPhone"" is making me look like a fool w all the misspellings! If it happens again ill see you in court, motherfreaker","NEG"
"pictures on here won't load freak you @twitter @apple","NEG"
"freak you for not having a 5S preorder, @Apple.","NEG"
"@Apple is trying to force me to update the iOS by crashing every time I try editing a photo and acting like a weird cow. freak you, @apple.","NEG"
"They beasted RT @Apple: go freak yourself ""@RespectRoyalty5: Apple needs to get that bum butt iPhone 5c off the website""","NEG"
"freak you @apple my battery is stuff, you should be ashamed, that is all","NEG"
"freak you @apple @siri","NEG"
"@verizon  @apple I HATE y'all","NEG"
"freak YAL AND YAL CHEAP butt CHARGERS I BEEN THROUGH 7 OF DEM things @apple","NEG"
"I S2G IF I LOSE ALL MY MUSIC AND PICTURES AGAIN IM GOING TO freakING SUE U @APPLE","NEG"
"im gonna cry wtf i hate you @itunes @apple","NEG"
"@apple I just cracked my iPhone for the second time this month I hate u","NEG"
"freak you @apple pay me","NEG"
"I hate how my phone won't focus when I take a picture with flash wow frick off @apple @iphone","NEG"
"freak you @Apple. Hoping your company goes bankrupt. Yours sincerely, an envious yet loyal customer of every product of yours #Oxymoron","NEG"
"And this is a reason why I despise @Apple and their ""Innovations"". We didn't like them then OR NOW pic.twitter.com/29piIeQ0ue","NEG"
"I freaking hate you @apple","NEG"
"@autocorrect @iphone @apple I h8 u","NEG"
"Apparently I erred in called @telus scumbags apparently the scumbaggery belongs to @apple","NEG"
"Siri is the biggest piece of stuff I've ever encountered probably the biggest disappointment by Apple to date @apple","NEG"
"I swear my MacBook and iPhone  dies so fast. freak you @apple","NEG"
"I hate my iPhone @apple","NEG"
"oh and freak U @APPLE UR stuff","NEG"
"iphone 5c is ugly as heck what the freak @apple @iphonecompanies","NEG"
"freak YOU @APPLE","NEG"
"freak you @apple","NEG"
"@APPLE YOU RUINED MY LIFE","NEG"
"@apple I hate apple!!!!!","NEG"
"@apple worst customer service ever.","NEG"
"@Apple YOU COW","NEG"
"you guys are cheep little freaks and I hope u get testicular cancer and loose a nut @apple","NEG"
"We should boycott @Apple or freakin flame them or something like how they have all this money but can't make stable chargers #freakApple","NEG"
"wtf @telstra @apple why would you have pre-order for the 5c the crap phone no one wants and not the 5s i hate you plz die","NEG"
"Hate you @apple","NEG"
"freak u @apple","NEG"
"freak @apple","NEG"
"WHY CANT I freakING SEE PICTURES ON MY TL IM ANNOYED freak YOU @TWITTER @APPLE","NEG"
"@APPLE YOU freakING COWS freak YOU","NEG"
"@apple I hate you why is my phone not working I'm going to freak out","NEG"
"@aGounalakis that's nasty! @apple is a nasty brat","NEG"
